[
  {
    "internalOreName": "grimpack:aluminum_ore",
    "meta": -1,
    "overlay": "undergroundbiomes:blocks/overlays/grimpack/aluminum_ore",
    "lightValue": -1,
    "alphaOverlay": false,
    "oreDirectories": []
  },
  {
    "internalOreName": "grimpack:oil_ore",
    "meta": -1,
    "overlay": "undergroundbiomes:blocks/overlays/grimpack/oil_ore",
    "lightValue": -1,
    "alphaOverlay": false,
    "oreDirectories": []
  },
  {
    "internalOreName": "grimpack:black_diamond_ore",
    "meta": -1,
    "overlay": "undergroundbiomes:blocks/overlays/grimpack/black_diamond_ore",
    "lightValue": -1,
    "alphaOverlay": false,
    "oreDirectories": []
  },
  {
    "internalOreName": "grimpack:element_115_ore",
    "meta": -1,
    "overlay": "undergroundbiomes:blocks/overlays/grimpack/element_115_ore",
    "lightValue": -1,
    "alphaOverlay": false,
    "oreDirectories": []
  },
  {
    "internalOreName": "grimpack:randomite",
    "meta": -1,
    "overlay": "undergroundbiomes:blocks/overlays/grimpack/randomite",
    "lightValue": -1,
    "alphaOverlay": false,
    "oreDirectories": []
  }
]
