[
  {
    "internalOreName": "gregtech:ore_almandine_0",
    "meta": 0,
    "overlay": "gregtech:blocks/material_sets/gem_vertical/ore",
    "color": "#FF0000",
    "lightValue": -1,
    "alphaOverlay": false,
    "oreDirectories": []
  },
  {
    "internalOreName": "gregtech:ore_aluminium_0",
    "meta": 0,
    "overlay": "gregtech:blocks/material_sets/dull/ore",
    "color": "#80C8F0",
    "lightValue": -1,
    "alphaOverlay": false,
    "oreDirectories": []
  },
  {
    "internalOreName": "gregtech:ore_alunite_0",
    "meta": 0,
    "overlay": "gregtech:blocks/material_sets/dull/ore",
    "color": "#E1B441",
    "lightValue": -1,
    "alphaOverlay": false,
    "oreDirectories": []
  },
  {
    "internalOreName": "gregtech:ore_amethyst_0",
    "meta": 0,
    "overlay": "gregtech:blocks/material_sets/ruby/ore",
    "color": "#D232D2",
    "lightValue": -1,
    "alphaOverlay": false,
    "oreDirectories": []
  },
  {
    "internalOreName": "gregtech:ore_apatite_0",
    "meta": 0,
    "overlay": "gregtech:blocks/material_sets/emerald/ore",
    "color": "#C8C8FF",
    "lightValue": -1,
    "alphaOverlay": false,
    "oreDirectories": []
  },
  {
    "internalOreName": "gregtech:ore_asbestos_0",
    "meta": 0,
    "overlay": "gregtech:blocks/material_sets/dull/ore",
    "color": "#E6E6E6",
    "lightValue": -1,
    "alphaOverlay": false,
    "oreDirectories": []
  },
  {
    "internalOreName": "gregtech:ore_banded_iron_0",
    "meta": 0,
    "overlay": "gregtech:blocks/material_sets/dull/ore",
    "color": "#915A5A",
    "lightValue": -1,
    "alphaOverlay": false,
    "oreDirectories": []
  },
  {
    "internalOreName": "gregtech:ore_barite_0",
    "meta": 0,
    "overlay": "gregtech:blocks/material_sets/dull/ore",
    "color": "#E6EBEB",
    "lightValue": -1,
    "alphaOverlay": false,
    "oreDirectories": []
  },
  {
    "internalOreName": "gregtech:ore_basaltic_mineral_sand_0",
    "meta": 0,
    "overlay": "gregtech:blocks/material_sets/fine/ore",
    "color": "#283228",
    "lightValue": -1,
    "alphaOverlay": false,
    "oreDirectories": []
  },
  {
    "internalOreName": "gregtech:ore_bastnasite_0",
    "meta": 0,
    "overlay": "gregtech:blocks/material_sets/fine/ore",
    "color": "#C86E2D",
    "lightValue": -1,
    "alphaOverlay": false,
    "oreDirectories": []
  },
  {
    "internalOreName": "gregtech:ore_bauxite_0",
    "meta": 0,
    "overlay": "gregtech:blocks/material_sets/rough/ore",
    "color": "#C86400",
    "lightValue": -1,
    "alphaOverlay": false,
    "oreDirectories": []
  },
  {
    "internalOreName": "gregtech:ore_bentonite_0",
    "meta": 0,
    "overlay": "gregtech:blocks/material_sets/rough/ore",
    "color": "#F5D7D2",
    "lightValue": -1,
    "alphaOverlay": false,
    "oreDirectories": []
  },
  {
    "internalOreName": "gregtech:ore_beryllium_0",
    "meta": 0,
    "overlay": "gregtech:blocks/material_sets/metallic/ore",
    "color": "#64B464",
    "lightValue": -1,
    "alphaOverlay": false,
    "oreDirectories": []
  },
  {
    "internalOreName": "gregtech:ore_bismuth_0",
    "meta": 0,
    "overlay": "gregtech:blocks/material_sets/metallic/ore",
    "color": "#64A0A0",
    "lightValue": -1,
    "alphaOverlay": false,
    "oreDirectories": []
  },
  {
    "internalOreName": "gregtech:ore_blue_topaz_0",
    "meta": 0,
    "overlay": "gregtech:blocks/material_sets/gem_horizontal/ore",
    "color": "#7B96DC",
    "lightValue": -1,
    "alphaOverlay": false,
    "oreDirectories": []
  },
  {
    "internalOreName": "gregtech:ore_bornite_0",
    "meta": 0,
    "overlay": "gregtech:blocks/material_sets/dull/ore",
    "color": "#97662B",
    "lightValue": -1,
    "alphaOverlay": false,
    "oreDirectories": []
  },
  {
    "internalOreName": "gregtech:ore_fullers_earth_0",
    "meta": 0,
    "overlay": "gregtech:blocks/material_sets/fine/ore",
    "color": "#A0A078",
    "lightValue": -1,
    "alphaOverlay": false,
    "oreDirectories": []
  },
  {
    "internalOreName": "gregtech:ore_brown_limonite_0",
    "meta": 0,
    "overlay": "gregtech:blocks/material_sets/metallic/ore",
    "color": "#C86400",
    "lightValue": -1,
    "alphaOverlay": false,
    "oreDirectories": []
  },
  {
    "internalOreName": "gregtech:ore_calcite_0",
    "meta": 0,
    "overlay": "gregtech:blocks/material_sets/dull/ore",
    "color": "#FAE6DC",
    "lightValue": -1,
    "alphaOverlay": false,
    "oreDirectories": []
  },
  {
    "internalOreName": "gregtech:ore_cassiterite_0",
    "meta": 0,
    "overlay": "gregtech:blocks/material_sets/metallic/ore",
    "color": "#DCDCDC",
    "lightValue": -1,
    "alphaOverlay": false,
    "oreDirectories": []
  },
  {
    "internalOreName": "gregtech:ore_cassiterite_sand_0",
    "meta": 0,
    "overlay": "gregtech:blocks/material_sets/sand/ore",
    "color": "#DCDCDC",
    "lightValue": -1,
    "alphaOverlay": false,
    "oreDirectories": []
  },
  {
    "internalOreName": "gregtech:ore_certus_quartz_0",
    "meta": 0,
    "overlay": "gregtech:blocks/material_sets/quartz/ore",
    "color": "#D2D2E6",
    "lightValue": -1,
    "alphaOverlay": false,
    "oreDirectories": []
  },
  {
    "internalOreName": "gregtech:ore_chalcocite_0",
    "meta": 0,
    "overlay": "gregtech:blocks/material_sets/gem_vertical/ore",
    "color": "#353535",
    "lightValue": -1,
    "alphaOverlay": false,
    "oreDirectories": []
  },
  {
    "internalOreName": "gregtech:ore_chalcopyrite_0",
    "meta": 0,
    "overlay": "gregtech:blocks/material_sets/dull/ore",
    "color": "#A07828",
    "lightValue": -1,
    "alphaOverlay": false,
    "oreDirectories": []
  },
  {
    "internalOreName": "gregtech:ore_chromite_0",
    "meta": 0,
    "overlay": "gregtech:blocks/material_sets/metallic/ore",
    "color": "#23140F",
    "lightValue": -1,
    "alphaOverlay": false,
    "oreDirectories": []
  },
  {
    "internalOreName": "gregtech:ore_cinnabar_0",
    "meta": 0,
    "overlay": "gregtech:blocks/material_sets/emerald/ore",
    "color": "#960000",
    "lightValue": -1,
    "alphaOverlay": false,
    "oreDirectories": []
  },
  {
    "internalOreName": "gregtech:ore_coal_0",
    "meta": 0,
    "overlay": "gregtech:blocks/material_sets/lignite/ore",
    "color": "#464646",
    "lightValue": -1,
    "alphaOverlay": false,
    "oreDirectories": []
  },
  {
    "internalOreName": "gregtech:ore_cobalt_0",
    "meta": 0,
    "overlay": "gregtech:blocks/material_sets/metallic/ore",
    "color": "#5050FA",
    "lightValue": -1,
    "alphaOverlay": false,
    "oreDirectories": []
  },
  {
    "internalOreName": "gregtech:ore_cobaltite_0",
    "meta": 0,
    "overlay": "gregtech:blocks/material_sets/rough/ore",
    "color": "#5050FA",
    "lightValue": -1,
    "alphaOverlay": false,
    "oreDirectories": []
  },
  {
    "internalOreName": "gregtech:ore_cooperite_0",
    "meta": 0,
    "overlay": "gregtech:blocks/material_sets/metallic/ore",
    "color": "#FFFFC8",
    "lightValue": -1,
    "alphaOverlay": false,
    "oreDirectories": []
  },
  {
    "internalOreName": "gregtech:ore_copper_0",
    "meta": 0,
    "overlay": "gregtech:blocks/material_sets/shiny/ore",
    "color": "#FF6400",
    "lightValue": -1,
    "alphaOverlay": false,
    "oreDirectories": []
  },
  {
    "internalOreName": "gregtech:ore_diamond_0",
    "meta": 0,
    "overlay": "gregtech:blocks/material_sets/diamond/ore",
    "color": "#C8FFFF",
    "lightValue": -1,
    "alphaOverlay": false,
    "oreDirectories": []
  },
  {
    "internalOreName": "gregtech:ore_diatomite_0",
    "meta": 0,
    "overlay": "gregtech:blocks/material_sets/rough/ore",
    "color": "#E1E1E1",
    "lightValue": -1,
    "alphaOverlay": false,
    "oreDirectories": []
  },
  {
    "internalOreName": "gregtech:ore_emerald_0",
    "meta": 0,
    "overlay": "gregtech:blocks/material_sets/emerald/ore",
    "color": "#50FF50",
    "lightValue": -1,
    "alphaOverlay": false,
    "oreDirectories": []
  },
  {
    "internalOreName": "gregtech:ore_electrotine_0",
    "meta": 0,
    "overlay": "gregtech:blocks/material_sets/shiny/ore",
    "color": "#3CB4C8",
    "lightValue": -1,
    "alphaOverlay": false,
    "oreDirectories": []
  },
  {
    "internalOreName": "gregtech:ore_galena_0",
    "meta": 0,
    "overlay": "gregtech:blocks/material_sets/rough/ore",
    "color": "#643C64",
    "lightValue": -1,
    "alphaOverlay": false,
    "oreDirectories": []
  },
  {
    "internalOreName": "gregtech:ore_garnet_red_0",
    "meta": 0,
    "overlay": "gregtech:blocks/material_sets/ruby/ore",
    "color": "#C85050",
    "lightValue": -1,
    "alphaOverlay": false,
    "oreDirectories": []
  },
  {
    "internalOreName": "gregtech:ore_garnet_sand_0",
    "meta": 0,
    "overlay": "gregtech:blocks/material_sets/fine/ore",
    "color": "#C86400",
    "lightValue": -1,
    "alphaOverlay": false,
    "oreDirectories": []
  },
  {
    "internalOreName": "gregtech:ore_garnet_yellow_0",
    "meta": 0,
    "overlay": "gregtech:blocks/material_sets/ruby/ore",
    "color": "#C8C850",
    "lightValue": -1,
    "alphaOverlay": false,
    "oreDirectories": []
  },
  {
    "internalOreName": "gregtech:ore_garnierite_0",
    "meta": 0,
    "overlay": "gregtech:blocks/material_sets/rough/ore",
    "color": "#32C846",
    "lightValue": -1,
    "alphaOverlay": false,
    "oreDirectories": []
  },
  {
    "internalOreName": "gregtech:ore_glauconite_sand_0",
    "meta": 0,
    "overlay": "gregtech:blocks/material_sets/fine/ore",
    "color": "#82B43C",
    "lightValue": -1,
    "alphaOverlay": false,
    "oreDirectories": []
  },
  {
    "internalOreName": "gregtech:ore_gold_0",
    "meta": 0,
    "overlay": "gregtech:blocks/material_sets/shiny/ore",
    "color": "#FFE650",
    "lightValue": -1,
    "alphaOverlay": false,
    "oreDirectories": []
  },
  {
    "internalOreName": "gregtech:ore_granitic_mineral_sand_0",
    "meta": 0,
    "overlay": "gregtech:blocks/material_sets/fine/ore",
    "color": "#283C3C",
    "lightValue": -1,
    "alphaOverlay": false,
    "oreDirectories": []
  },
  {
    "internalOreName": "gregtech:ore_graphite_0",
    "meta": 0,
    "overlay": "gregtech:blocks/material_sets/dull/ore",
    "color": "#808080",
    "lightValue": -1,
    "alphaOverlay": false,
    "oreDirectories": []
  },
  {
    "internalOreName": "gregtech:ore_green_sapphire_0",
    "meta": 0,
    "overlay": "gregtech:blocks/material_sets/gem_horizontal/ore",
    "color": "#64C882",
    "lightValue": -1,
    "alphaOverlay": false,
    "oreDirectories": []
  },
  {
    "internalOreName": "gregtech:ore_grossular_0",
    "meta": 0,
    "overlay": "gregtech:blocks/material_sets/gem_vertical/ore",
    "color": "#C86400",
    "lightValue": -1,
    "alphaOverlay": false,
    "oreDirectories": []
  },
  {
    "internalOreName": "gregtech:ore_gypsum_0",
    "meta": 0,
    "overlay": "gregtech:blocks/material_sets/dull/ore",
    "color": "#E6E6FA",
    "lightValue": -1,
    "alphaOverlay": false,
    "oreDirectories": []
  },
  {
    "internalOreName": "gregtech:ore_ilmenite_0",
    "meta": 0,
    "overlay": "gregtech:blocks/material_sets/rough/ore",
    "color": "#463732",
    "lightValue": -1,
    "alphaOverlay": false,
    "oreDirectories": []
  },
  {
    "internalOreName": "gregtech:ore_iridium_0",
    "meta": 0,
    "overlay": "gregtech:blocks/material_sets/dull/ore",
    "color": "#A1E4E4",
    "lightValue": -1,
    "alphaOverlay": false,
    "oreDirectories": []
  },
  {
    "internalOreName": "gregtech:ore_iron_0",
    "meta": 0,
    "overlay": "gregtech:blocks/material_sets/metallic/ore",
    "color": "#C8C8C8",
    "lightValue": -1,
    "alphaOverlay": false,
    "oreDirectories": []
  },
  {
    "internalOreName": "gregtech:ore_kyanite_0",
    "meta": 0,
    "overlay": "gregtech:blocks/material_sets/lapis/ore",
    "color": "#6E6EFA",
    "lightValue": -1,
    "alphaOverlay": false,
    "oreDirectories": []
  },
  {
    "internalOreName": "gregtech:ore_lapis_0",
    "meta": 0,
    "overlay": "gregtech:blocks/material_sets/lapis/ore",
    "color": "#4646DC",
    "lightValue": -1,
    "alphaOverlay": false,
    "oreDirectories": []
  },
  {
    "internalOreName": "gregtech:ore_lazurite_0",
    "meta": 0,
    "overlay": "gregtech:blocks/material_sets/lapis/ore",
    "color": "#6478FF",
    "lightValue": -1,
    "alphaOverlay": false,
    "oreDirectories": []
  },
  {
    "internalOreName": "gregtech:ore_lead_0",
    "meta": 0,
    "overlay": "gregtech:blocks/material_sets/dull/ore",
    "color": "#8C648C",
    "lightValue": -1,
    "alphaOverlay": false,
    "oreDirectories": []
  },
  {
    "internalOreName": "gregtech:ore_lepidolite_0",
    "meta": 0,
    "overlay": "gregtech:blocks/material_sets/fine/ore",
    "color": "#F0328C",
    "lightValue": -1,
    "alphaOverlay": false,
    "oreDirectories": []
  },
  {
    "internalOreName": "gregtech:ore_lithium_0",
    "meta": 0,
    "overlay": "gregtech:blocks/material_sets/dull/ore",
    "color": "#BDC7DB",
    "lightValue": -1,
    "alphaOverlay": false,
    "oreDirectories": []
  },
  {
    "internalOreName": "gregtech:ore_magnesite_0",
    "meta": 0,
    "overlay": "gregtech:blocks/material_sets/metallic/ore",
    "color": "#FAFAB4",
    "lightValue": -1,
    "alphaOverlay": false,
    "oreDirectories": []
  },
  {
    "internalOreName": "gregtech:ore_magnetite_0",
    "meta": 0,
    "overlay": "gregtech:blocks/material_sets/metallic/ore",
    "color": "#1E1E1E",
    "lightValue": -1,
    "alphaOverlay": false,
    "oreDirectories": []
  },
  {
    "internalOreName": "gregtech:ore_malachite_0",
    "meta": 0,
    "overlay": "gregtech:blocks/material_sets/lapis/ore",
    "color": "#055F05",
    "lightValue": -1,
    "alphaOverlay": false,
    "oreDirectories": []
  },
  {
    "internalOreName": "gregtech:ore_mica_0",
    "meta": 0,
    "overlay": "gregtech:blocks/material_sets/fine/ore",
    "color": "#C3C3CD",
    "lightValue": -1,
    "alphaOverlay": false,
    "oreDirectories": []
  },
  {
    "internalOreName": "gregtech:ore_molybdenite_0",
    "meta": 0,
    "overlay": "gregtech:blocks/material_sets/metallic/ore",
    "color": "#191919",
    "lightValue": -1,
    "alphaOverlay": false,
    "oreDirectories": []
  },
  {
    "internalOreName": "gregtech:ore_molybdenum_0",
    "meta": 0,
    "overlay": "gregtech:blocks/material_sets/shiny/ore",
    "color": "#B4B4DC",
    "lightValue": -1,
    "alphaOverlay": false,
    "oreDirectories": []
  },
  {
    "internalOreName": "gregtech:ore_monazite_0",
    "meta": 0,
    "overlay": "gregtech:blocks/material_sets/gem_vertical/ore",
    "color": "#324632",
    "lightValue": -1,
    "alphaOverlay": false,
    "oreDirectories": []
  },
  {
    "internalOreName": "gregtech:ore_naquadah_0",
    "meta": 0,
    "overlay": "gregtech:blocks/material_sets/metallic/ore",
    "color": "#323232",
    "lightValue": -1,
    "alphaOverlay": false,
    "oreDirectories": []
  },
  {
    "internalOreName": "gregtech:ore_naquadah_enriched_0",
    "meta": 0,
    "overlay": "gregtech:blocks/material_sets/metallic/ore",
    "color": "#3C3C3C",
    "lightValue": -1,
    "alphaOverlay": false,
    "oreDirectories": []
  },
  {
    "internalOreName": "gregtech:ore_neodymium_0",
    "meta": 0,
    "overlay": "gregtech:blocks/material_sets/metallic/ore",
    "color": "#646464",
    "lightValue": -1,
    "alphaOverlay": false,
    "oreDirectories": []
  },
  {
    "internalOreName": "gregtech:ore_nether_quartz_0",
    "meta": 0,
    "overlay": "gregtech:blocks/material_sets/quartz/ore",
    "color": "#E6D2D2",
    "lightValue": -1,
    "alphaOverlay": false,
    "oreDirectories": []
  },
  {
    "internalOreName": "gregtech:ore_nickel_0",
    "meta": 0,
    "overlay": "gregtech:blocks/material_sets/metallic/ore",
    "color": "#C8C8FA",
    "lightValue": -1,
    "alphaOverlay": false,
    "oreDirectories": []
  },
  {
    "internalOreName": "gregtech:ore_oilsands_0",
    "meta": 0,
    "overlay": "gregtech:blocks/material_sets/sand/ore",
    "color": "#0A0A0A",
    "lightValue": -1,
    "alphaOverlay": false,
    "oreDirectories": []
  },
  {
    "internalOreName": "gregtech:ore_olivine_0",
    "meta": 0,
    "overlay": "gregtech:blocks/material_sets/ruby/ore",
    "color": "#96FF96",
    "lightValue": -1,
    "alphaOverlay": false,
    "oreDirectories": []
  },
  {
    "internalOreName": "gregtech:ore_opal_0",
    "meta": 0,
    "overlay": "gregtech:blocks/material_sets/opal/ore",
    "color": "#0000FF",
    "lightValue": -1,
    "alphaOverlay": false,
    "oreDirectories": []
  },
  {
    "internalOreName": "gregtech:ore_osmium_0",
    "meta": 0,
    "overlay": "gregtech:blocks/material_sets/metallic/ore",
    "color": "#3232FF",
    "lightValue": -1,
    "alphaOverlay": false,
    "oreDirectories": []
  },
  {
    "internalOreName": "gregtech:ore_palladium_0",
    "meta": 0,
    "overlay": "gregtech:blocks/material_sets/metallic/ore",
    "color": "#808080",
    "lightValue": -1,
    "alphaOverlay": false,
    "oreDirectories": []
  },
  {
    "internalOreName": "gregtech:ore_pentlandite_0",
    "meta": 0,
    "overlay": "gregtech:blocks/material_sets/rough/ore",
    "color": "#A59605",
    "lightValue": -1,
    "alphaOverlay": false,
    "oreDirectories": []
  },
  {
    "internalOreName": "gregtech:ore_phosphate_0",
    "meta": 0,
    "overlay": "gregtech:blocks/material_sets/rough/ore",
    "color": "#FFFF00",
    "lightValue": -1,
    "alphaOverlay": false,
    "oreDirectories": []
  },
  {
    "internalOreName": "gregtech:ore_pitchblende_0",
    "meta": 0,
    "overlay": "gregtech:blocks/material_sets/rough/ore",
    "color": "#C8D200",
    "lightValue": -1,
    "alphaOverlay": false,
    "oreDirectories": []
  },
  {
    "internalOreName": "gregtech:ore_platinum_0",
    "meta": 0,
    "overlay": "gregtech:blocks/material_sets/shiny/ore",
    "color": "#FFFFC8",
    "lightValue": -1,
    "alphaOverlay": false,
    "oreDirectories": []
  },
  {
    "internalOreName": "gregtech:ore_plutonium_0",
    "meta": 0,
    "overlay": "gregtech:blocks/material_sets/shiny/ore",
    "color": "#F03232",
    "lightValue": -1,
    "alphaOverlay": false,
    "oreDirectories": []
  },
  {
    "internalOreName": "gregtech:ore_pollucite_0",
    "meta": 0,
    "overlay": "gregtech:blocks/material_sets/dull/ore",
    "color": "#F0D2D2",
    "lightValue": -1,
    "alphaOverlay": false,
    "oreDirectories": []
  },
  {
    "internalOreName": "gregtech:ore_powellite_0",
    "meta": 0,
    "overlay": "gregtech:blocks/material_sets/rough/ore",
    "color": "#FFFF00",
    "lightValue": -1,
    "alphaOverlay": false,
    "oreDirectories": []
  },
  {
    "internalOreName": "gregtech:ore_pyrite_0",
    "meta": 0,
    "overlay": "gregtech:blocks/material_sets/rough/ore",
    "color": "#967828",
    "lightValue": -1,
    "alphaOverlay": false,
    "oreDirectories": []
  },
  {
    "internalOreName": "gregtech:ore_pyrochlore_0",
    "meta": 0,
    "overlay": "gregtech:blocks/material_sets/dull/ore",
    "color": "#2B1100",
    "lightValue": -1,
    "alphaOverlay": false,
    "oreDirectories": []
  },
  {
    "internalOreName": "gregtech:ore_pyrolusite_0",
    "meta": 0,
    "overlay": "gregtech:blocks/material_sets/rough/ore",
    "color": "#9696AA",
    "lightValue": -1,
    "alphaOverlay": false,
    "oreDirectories": []
  },
  {
    "internalOreName": "gregtech:ore_pyrope_0",
    "meta": 0,
    "overlay": "gregtech:blocks/material_sets/ruby/ore",
    "color": "#783264",
    "lightValue": -1,
    "alphaOverlay": false,
    "oreDirectories": []
  },
  {
    "internalOreName": "gregtech:ore_quartzite_0",
    "meta": 0,
    "overlay": "gregtech:blocks/material_sets/quartz/ore",
    "color": "#D2E6D2",
    "lightValue": -1,
    "alphaOverlay": false,
    "oreDirectories": []
  },
  {
    "internalOreName": "gregtech:ore_realgar_0",
    "meta": 0,
    "overlay": "gregtech:blocks/material_sets/emerald/ore",
    "color": "#9D2123",
    "lightValue": -1,
    "alphaOverlay": false,
    "oreDirectories": []
  },
  {
    "internalOreName": "gregtech:ore_redstone_0",
    "meta": 0,
    "overlay": "gregtech:blocks/material_sets/rough/ore",
    "color": "#C80000",
    "lightValue": -1,
    "alphaOverlay": false,
    "oreDirectories": []
  },
  {
    "internalOreName": "gregtech:ore_rock_salt_0",
    "meta": 0,
    "overlay": "gregtech:blocks/material_sets/fine/ore",
    "color": "#F0C8C8",
    "lightValue": -1,
    "alphaOverlay": false,
    "oreDirectories": []
  },
  {
    "internalOreName": "gregtech:ore_ruby_0",
    "meta": 0,
    "overlay": "gregtech:blocks/material_sets/ruby/ore",
    "color": "#FF6464",
    "lightValue": -1,
    "alphaOverlay": false,
    "oreDirectories": []
  },
  {
    "internalOreName": "gregtech:ore_rutile_0",
    "meta": 0,
    "overlay": "gregtech:blocks/material_sets/gem_horizontal/ore",
    "color": "#D40D5C",
    "lightValue": -1,
    "alphaOverlay": false,
    "oreDirectories": []
  },
  {
    "internalOreName": "gregtech:ore_salt_0",
    "meta": 0,
    "overlay": "gregtech:blocks/material_sets/sand/ore",
    "color": "#FAFAFA",
    "lightValue": -1,
    "alphaOverlay": false,
    "oreDirectories": []
  },
  {
    "internalOreName": "gregtech:ore_saltpeter_0",
    "meta": 0,
    "overlay": "gregtech:blocks/material_sets/fine/ore",
    "color": "#E6E6E6",
    "lightValue": -1,
    "alphaOverlay": false,
    "oreDirectories": []
  },
  {
    "internalOreName": "gregtech:ore_sapphire_0",
    "meta": 0,
    "overlay": "gregtech:blocks/material_sets/gem_vertical/ore",
    "color": "#6464C8",
    "lightValue": -1,
    "alphaOverlay": false,
    "oreDirectories": []
  },
  {
    "internalOreName": "gregtech:ore_scheelite_0",
    "meta": 0,
    "overlay": "gregtech:blocks/material_sets/dull/ore",
    "color": "#C88C14",
    "lightValue": -1,
    "alphaOverlay": false,
    "oreDirectories": []
  },
  {
    "internalOreName": "gregtech:ore_silver_0",
    "meta": 0,
    "overlay": "gregtech:blocks/material_sets/shiny/ore",
    "color": "#DCDCFF",
    "lightValue": -1,
    "alphaOverlay": false,
    "oreDirectories": []
  },
  {
    "internalOreName": "gregtech:ore_soapstone_0",
    "meta": 0,
    "overlay": "gregtech:blocks/material_sets/rough/ore",
    "color": "#5F915F",
    "lightValue": -1,
    "alphaOverlay": false,
    "oreDirectories": []
  },
  {
    "internalOreName": "gregtech:ore_sodalite_0",
    "meta": 0,
    "overlay": "gregtech:blocks/material_sets/lapis/ore",
    "color": "#1414FF",
    "lightValue": -1,
    "alphaOverlay": false,
    "oreDirectories": []
  },
  {
    "internalOreName": "gregtech:ore_spessartine_0",
    "meta": 0,
    "overlay": "gregtech:blocks/material_sets/gem_vertical/ore",
    "color": "#FF6464",
    "lightValue": -1,
    "alphaOverlay": false,
    "oreDirectories": []
  },
  {
    "internalOreName": "gregtech:ore_sphalerite_0",
    "meta": 0,
    "overlay": "gregtech:blocks/material_sets/rough/ore",
    "color": "#FFFFFF",
    "lightValue": -1,
    "alphaOverlay": false,
    "oreDirectories": []
  },
  {
    "internalOreName": "gregtech:ore_spodumene_0",
    "meta": 0,
    "overlay": "gregtech:blocks/material_sets/rough/ore",
    "color": "#BEAAAA",
    "lightValue": -1,
    "alphaOverlay": false,
    "oreDirectories": []
  },
  {
    "internalOreName": "gregtech:ore_stibnite_0",
    "meta": 0,
    "overlay": "gregtech:blocks/material_sets/rough/ore",
    "color": "#464646",
    "lightValue": -1,
    "alphaOverlay": false,
    "oreDirectories": []
  },
  {
    "internalOreName": "gregtech:ore_sulfur_0",
    "meta": 0,
    "overlay": "gregtech:blocks/material_sets/rough/ore",
    "color": "#C8C800",
    "lightValue": -1,
    "alphaOverlay": false,
    "oreDirectories": []
  },
  {
    "internalOreName": "gregtech:ore_talc_0",
    "meta": 0,
    "overlay": "gregtech:blocks/material_sets/fine/ore",
    "color": "#5AB45A",
    "lightValue": -1,
    "alphaOverlay": false,
    "oreDirectories": []
  },
  {
    "internalOreName": "gregtech:ore_tantalite_0",
    "meta": 0,
    "overlay": "gregtech:blocks/material_sets/metallic/ore",
    "color": "#915028",
    "lightValue": -1,
    "alphaOverlay": false,
    "oreDirectories": []
  },
  {
    "internalOreName": "gregtech:ore_tetrahedrite_0",
    "meta": 0,
    "overlay": "gregtech:blocks/material_sets/rough/ore",
    "color": "#C82000",
    "lightValue": -1,
    "alphaOverlay": false,
    "oreDirectories": []
  },
  {
    "internalOreName": "gregtech:ore_thorium_0",
    "meta": 0,
    "overlay": "gregtech:blocks/material_sets/shiny/ore",
    "color": "#001E00",
    "lightValue": -1,
    "alphaOverlay": false,
    "oreDirectories": []
  },
  {
    "internalOreName": "gregtech:ore_tin_0",
    "meta": 0,
    "overlay": "gregtech:blocks/material_sets/dull/ore",
    "color": "#DCDCDC",
    "lightValue": -1,
    "alphaOverlay": false,
    "oreDirectories": []
  },
  {
    "internalOreName": "gregtech:ore_topaz_0",
    "meta": 0,
    "overlay": "gregtech:blocks/material_sets/gem_horizontal/ore",
    "color": "#FF8000",
    "lightValue": -1,
    "alphaOverlay": false,
    "oreDirectories": []
  },
  {
    "internalOreName": "gregtech:ore_tricalcium_phosphate_0",
    "meta": 0,
    "overlay": "gregtech:blocks/material_sets/flint/ore",
    "color": "#FFFF00",
    "lightValue": -1,
    "alphaOverlay": false,
    "oreDirectories": []
  },
  {
    "internalOreName": "gregtech:ore_trona_0",
    "meta": 0,
    "overlay": "gregtech:blocks/material_sets/metallic/ore",
    "color": "#87875F",
    "lightValue": -1,
    "alphaOverlay": false,
    "oreDirectories": []
  },
  {
    "internalOreName": "gregtech:ore_tungstate_0",
    "meta": 0,
    "overlay": "gregtech:blocks/material_sets/metallic/ore",
    "color": "#373223",
    "lightValue": -1,
    "alphaOverlay": false,
    "oreDirectories": []
  },
  {
    "internalOreName": "gregtech:ore_uraninite_0",
    "meta": 0,
    "overlay": "gregtech:blocks/material_sets/rough/ore",
    "color": "#232323",
    "lightValue": -1,
    "alphaOverlay": false,
    "oreDirectories": []
  },
  {
    "internalOreName": "gregtech:ore_uranium235_0",
    "meta": 0,
    "overlay": "gregtech:blocks/material_sets/shiny/ore",
    "color": "#46FA46",
    "lightValue": -1,
    "alphaOverlay": false,
    "oreDirectories": []
  },
  {
    "internalOreName": "gregtech:ore_uranium_0",
    "meta": 0,
    "overlay": "gregtech:blocks/material_sets/metallic/ore",
    "color": "#32F032",
    "lightValue": -1,
    "alphaOverlay": false,
    "oreDirectories": []
  },
  {
    "internalOreName": "gregtech:ore_vanadium_magnetite_0",
    "meta": 0,
    "overlay": "gregtech:blocks/material_sets/metallic/ore",
    "color": "#23233C",
    "lightValue": -1,
    "alphaOverlay": false,
    "oreDirectories": []
  },
  {
    "internalOreName": "gregtech:ore_wulfenite_0",
    "meta": 0,
    "overlay": "gregtech:blocks/material_sets/dull/ore",
    "color": "#FF8000",
    "lightValue": -1,
    "alphaOverlay": false,
    "oreDirectories": []
  },
  {
    "internalOreName": "gregtech:ore_yellow_limonite_0",
    "meta": 0,
    "overlay": "gregtech:blocks/material_sets/metallic/ore",
    "color": "#C8C800",
    "lightValue": -1,
    "alphaOverlay": false,
    "oreDirectories": []
  },
  {
    "internalOreName": "gregtech:ore_zeolite_0",
    "meta": 0,
    "overlay": "gregtech:blocks/material_sets/dull/ore",
    "color": "#F0E6E6",
    "lightValue": -1,
    "alphaOverlay": false,
    "oreDirectories": []
  },
  {
    "internalOreName": "gregtech:ore_zinc_0",
    "meta": 0,
    "overlay": "gregtech:blocks/material_sets/metallic/ore",
    "color": "#EBEBFA",
    "lightValue": -1,
    "alphaOverlay": false,
    "oreDirectories": []
  }
]
