{
  "enableVanillaCropCrates": true,
  "farmersBuyFDCrops": true,
  "wanderingTraderSellsFDItems": true,
  "richSoilBoostChance": 0.2,
  "cuttingBoardFortuneBonus": 0.1,
  "canvasSignDarkBackgroundList": [
    "gray",
    "purple",
    "blue",
    "brown",
    "green",
    "red",
    "black"
  ],
  "vanillaSoupExtraEffects": true,
  "rabbitStewJumpBoost": true,
  "dispenserToolsCuttingBoard": true,
  "generateFDChestLoot": true,
  "generateVillageCompostHeaps": true,
  "generateWildCabbages": true,
  "chanceWildCabbages": 30,
  "generateWildBeetroots": true,
  "chanceWildBeetroots": 30,
  "generateWildPotatoes": true,
  "chanceWildPotatoes": 100,
  "generateWildOnions": true,
  "chanceWildOnions": 120,
  "generateWildCarrots": true,
  "chanceWildCarrots": 120,
  "generateWildTomatoes": true,
  "chanceWildTomatoes": 100,
  "generateWildRice": true,
  "chanceWildRice": 20,
  "nourishedHungerOverlay": true,
  "comfortHealthOverlay": true,
  "foodEffectTooltip": true
}